source_key,brand_name_ko,brand_name_zh,name_ko,name_zh,translation_status
A000000223414,메디힐,MEDIHEAL,[15년 연속 1위] 메디힐 에센셜 마스크팩 10/10+1매 기획 7종 골라담기,MEDIHEAL 精华面膜包10/10+1片特制 7种可供选择,machine_draft
A000000262835,체이싱래빗,CHASIN' RABBITS,[9월 올영픽/산리오캐릭터즈/김용명PICK]체이싱래빗 올어바웃 커버크림 한정기획(글로우/퍼플),CHASIN' RABBITS All About 遮瑕膏限量版（发光/紫色）,machine_draft
A000000223633,미닉,MINIC,[스완 PICK/모공&잡티 완벽커버] 미닉 미니멀 커버 로션 40ml (라이트베이지/내추럴베이지) 단품/단독기획,MINIC Minimal遮瑕乳液40ml（浅米色/自然米色）单品/独家套装,machine_draft
A000000263009,라로슈포제,理肤泉 La Roche-Posay,[9월 올영픽]라로슈포제 시카플라스트밤 B5+ 100ml 기획 (+시카에센스7.5ml+히알루세럼3ml),理肤泉 La Roche-Posay Cicaplast Balm B5+ 100ml 套装 (+Cica 精华 7.5ml+Hyalu 精华液 3ml),machine_draft
A000000262838,체이싱래빗,CHASIN' RABBITS,[9월 올영픽/산리오캐릭터즈]체이싱래빗 올어바웃 글로우 커버쿠션 15g 기획 2종(쿠로미 쿠션퍼프+헤어고정시트 2매),CHASIN' RABBITS All About Glow Cover 气垫 15g 特别 2 种（Kuromi 气垫粉扑 + 2 个头发固定片）,machine_draft
A000000262413,메디힐,MEDIHEAL,[산리오캐릭터즈 에디션] 메디힐 더마 토너패드 100+100매 더블기획 7종 골라담기,MEDIHEAL Derma 爽肤水垫 100+100片 双套装 7种可供选择,machine_draft
A000000261864,에스트라,AESTURA,[1등크림] 에스트라 아토베리어365 크림 80ml 기획(+토너25ml+클렌징폼3g*3EA),AESTURA Ato Barrier 365 面霜 80ml 套装 (+爽肤水 25ml+洁面乳 3g*3EA),machine_draft
A000000226517,코스노리,COSNORI,[간편컬러체인지] 코스노리 이지 브로우 체인저 5회분 (톤 체인저 / 무드 체인저),COSNORI Easy Brow Changer 5 份（色调改变/情绪改变）,machine_draft
A000000139063,정샘물,JUNG SAEM MOOL,[미니쿠션 증정] 정샘물 에센셜 스킨 누더 쿠션 한정 기획,JUNG SAEM MOOL Essential Skin 裸色气垫限量版,machine_draft
A000000263664,토리든,Torriden,[9월 올영픽] 토리든 다이브인 저분자 히알루론산 세럼 50ml 리필 기획 (+50ml 리필+자석인형) (시나모롤),Torriden Divein 低分子玻尿酸精华液 50ml 补充套装 (+50ml 补充装 + 磁力娃娃) (Cinnamoroll),machine_draft
A000000261423,웰라쥬,Wellage,[속건조필수템] 웰라쥬 리얼 히알루로닉 블루 100 앰플 100ml 기획 (+60ml 리필+수딩크림 30ml),Wellage 真正玻尿酸蓝色100安瓶100ml套装（+60ml补充装+舒缓霜30ml）,machine_draft
A000000263019,라로슈포제,理肤泉 La Roche-Posay,[9월 올영픽/데일리장벽케어] 라로슈포제 시카플라스트 멀티 리페어 크림 100ml 기획 (+시카에센스 7.5ml*2),理肤泉 La Roche-Posay Cicaplast多效修护霜100ml特级（+积雪草精华7.5ml*2）,machine_draft
A000000225224,식물나라,Shingmulnara,[국민선크림] 식물나라 가벼운 수분 선 젤 60ml (단품/2입/대용량/트래블키트),Shingmulnara 轻盈保湿防晒啫哩60ml（单品/2包/大容量/旅行套装）,machine_draft
A000000263782,에스네이처,S.NATURE,[산리오 하루특가/리뷰이벤트/헬로키티] 에스네이처 아쿠아 스쿠알란 수분크림 60ml 더블기획 (+헬로키티 키캡키링),S.NATURE 水族角鲨烷保湿霜60ml双份方案（+Hello Kitty键帽钥匙圈）,machine_draft
A000000174309,홀리카홀리카,Holika Holika,[9월 올영픽/NEW젤테일] 홀리카홀리카 마이페이브 피스 아이섀도우/젤테일/피스 빔/피스 밤,Holika Holika 我最喜欢的和平眼影/凝胶尾巴/和平光束/和平膏,machine_draft
A000000186792,도브,Dove,도브 바디 스크럽 298g 4종 택 1,Dove 身体磨砂膏298g（4种，选1）,machine_draft
A000000262602,아누아,Anua,[9월 올영픽/산리오캐릭터즈 콜라보] 아누아 피디알엔 히알루론산 캡슐 100 세럼 30ml 더블기획(+시나모롤 파우치),Anua PDRN 玻尿酸胶囊 100 精华液 30ml 双份套装（+Cinnamoroll 袋）,machine_draft
A000000171423,어노브,UNOVE,[4년 연속 1위] 어노브 딥 데미지 리페어 헤어 마스크 (트리트먼트/헤어팩) 320ml 더블/듀오 기획,UNOVE 深层损伤修复发膜（护理/发膜）320ml 双/双特别,machine_draft
A000000217620,메디힐,MEDIHEAL,[15년연속 1위] 메디힐 에센셜 마스크팩 1매 고기능 7종 골라담기,MEDIHEAL 1个必备面膜包，7种高性能面膜可供选择,machine_draft
A000000250199,셀리맥스,celimax,[단독기획/모공탄력] 셀리맥스 더 비타 A 레티날 샷 타이트닝 부스터 15ml 기획(+3ml),celimax Vita A 视网膜紧致增强剂 15ml 特别版（+3ml）,machine_draft
A000000263068,제로이드,ZEROID,[9월 올영픽][누렁이 콜라보] 제로이드 인텐시브 크림 80ml+50ml 기획 (+누렁이 파우치),ZEROID 密集霜80ml+特级50ml（+黄袋）,machine_draft
A000000234422,메노킨,Menokin,[1위 원조 버블팩] 메노킨 30초 퀵 버블 마스크 6종 택1(+30ml 증정),Menokin 6种30秒速效泡泡面膜任选1款（+30ml赠）,machine_draft
A000000218845,릴리이브,LILIEVE,[대용량/브러쉬원조] 릴리이브 그로우턴 엑소좀 브러쉬 앰플기획 2종 택1,LILIEVE Growturn外泌体刷安瓶套装（2种，选1）,machine_draft
A000000013194,바이오더마,贝德玛 BIODERMA,[설윤PICK] 바이오더마 센시비오 H2O 500ml 2입,贝德玛 BIODERMA Sensibio H2O 500ml 2 包,machine_draft
A000000260522,비플레인,beplain,[2천만돌파] 비플레인 녹두 약산성 클렌징폼 160ml 더블 기획,beplain 绿豆微酸性洁面泡沫160ml双倍专用,machine_draft
A000000213943,연작,YUNJAC,[화잘먹 프라이머] 연작 스킨 퍼펙팅 프로텍티브 베이스 프렙 3종 25ml/40ml 기획,YUNJAC 完美肌肤防护底霜 3 种类型 25ml/40ml 套装,machine_draft
A000000241210,롬앤,rom&nd,[NEW산리오캐릭터즈 /1등 틴트] 롬앤 더 쥬시 래스팅 틴트 (쿠로미/한교동),rom&nd 多汁持久的色彩（Kuromi/Hangyo-dong）,machine_draft
A000000263510,라운드랩,ROUND LAB,[1+1/1등썬] 라운드랩 자작나무 수분 선크림 50ml 1+1 기획 (+수분 선세럼 8ml),ROUND LAB 桦木保湿防晒霜 50ml 1+1 套装（+ 保湿防晒精华液 8ml）,machine_draft
A000000188988,클리오,CLIO,[NEW]클리오 프로아이팔레트 에어 단품/기획 (+아이프라이머밤 증정)(풍년다방 에디션),CLIO Pro Eye Palette Air 单品/套装（+眼部打底膏免费）（Poongnyeon Cafe Edition）,machine_draft
A000000213569,코링코,CORINGCO,[9월 올영픽/산리오 콜라보/1등 속눈썹] 코링코 톡톡하라 노글루 속눈썹 15종 택1,CORINGCO Toktokhara 无胶睫毛 15 种中任选1款 种,machine_draft
A000000264301,메디큐브,medicube,[1등미백앰플] 메디큐브 PDRN 핑크 펩타이드 앰플 30ml 한정기획 (+리필팩 50ml+앰플 10ml),medicube PDRN粉红肽安瓶30ml限量版（+补充装50ml+安瓶10ml）,machine_draft
A000000180532,웨이크메이크,WAKEMAKE,[레오파드 헬로키티]웨이크메이크 소프트 블러링 아이팔레트(단품),WAKEMAKE 柔和晕染眼影盘（单品）,machine_draft
A000000231822,넘버즈인,numbuzin,[24시간파우더] 넘버즈인 1번 판토텐산 스킨케어100 블러파우더 기획 (+퍼프 1개),numbuzin No.1 泛酸护肤 100 模糊粉饼套装（+1 粉扑）,machine_draft
A000000190168,플라이밀,Flymeal,플라이밀 단백질쉐이크 45g,Flymeal 蛋白奶昔 45 克,machine_draft
A000000231885,웰라쥬,Wellage,[속건조필수템] 웰라쥬 리얼 히알루로닉 블루 100 앰플 75ml 2입 기획,Wellage 真正的透明质酸蓝色 100 安瓶 75 毫升 2 包套装,machine_draft
A000000198343,클리오,CLIO,[NO.1 아이라이너] 클리오 샤프 쏘 심플 워터프루프 펜슬라이너 단품/더블기획,CLIO Sharp So Simple 防水铅笔芯单/双套装,machine_draft
A000000164419,빌리프,belif,[투명생기충전] 빌리프 슈퍼 나이츠 멀티 비타민 마스크 75ml 기획 (+50ml 추가 증정),belif 超级骑士复合维生素面膜75ml套装（+50ml额外赠品）,machine_draft
A000000219609,파티온,FATION,[9월 올영픽] 파티온 노스카나인 트러블 세럼 50ml 리필 기획 (+리필40ml+크림10ml),FATION Noscanine 烦恼血清 50ml 补充套装（+补充装 40ml+面霜 10ml）,machine_draft
A000000230206,이니스프리,悦诗风吟 innisfree,[저자극비타민C세럼] 이니스프리 비타민C 캡슐 세럼 30ml 더블 기획,悦诗风吟 innisfree 维生素 C 胶囊精华液 30ml 双特,machine_draft
A000000263035,아비브,Abib,[9월 올영픽/산리오] 아비브 어성초 흔적 에센스 패드 클리어터치 70매 기획 (+70매 리필+패드케이스+스티커),Abib 鱼腥草微​​量精华垫Clear Touch 70片套装（+70片补充装+垫盒+贴纸）,machine_draft
A000000158615,디오디너리,The Ordinary,[트러블모공] 디오디너리 나이아신아마이드 10% + 징크 1% 60ml,The Ordinary 烟酰胺 10% + 锌 1% 60ml,machine_draft
A000000232913,이니스프리,悦诗风吟 innisfree,[5000만개] 이니스프리 화산송이 바하 모공 클렌징폼 130g 더블 기획,悦诗风吟 innisfree 火山巴哈毛孔洁面泡沫 130g 双特,machine_draft
A000000234394,얼터너티브스테레오,Alternative Stereo,[NEW/단독선런칭] 얼터너티브스테레오 립 포션 카라멜 글레이즈 8ml,Alternative Stereo 焦糖釉唇膏 8ml,machine_draft
A000000263072,제로이드,ZEROID,[9월 올영픽][누렁이 콜라보] 제로이드 포밍 클렌저 240ml 본품 + 240ml 리필 기획 (+랜덤 띠부씰 1종),ZEROID 泡沫洁面乳 240ml 主打产品 + 240ml 补充套装（+ 1 个随机封条）,machine_draft
A000000202777,헤라,HERA,[9월올영픽/NEW 로지 아이보리 단독 출시] 헤라 블랙 쿠션 파운데이션 전컬러 본품+리필 기획,HERA 黑色气垫粉底全彩产品+补充套装,machine_draft
A000000200646,브링그린,BRING GREEN,[3일진정세럼]브링그린 징크테카 트러블 세럼 대용량 기획,BRING GREEN Zinc Teca Trouble Serum 大容量套装,machine_draft
A000000233470,메디힐,MEDIHEAL,"[단독기획] 메디힐 콜라겐 캡슐 패치 60+60매 더블 기획 3종 (레티놀, 비타민C, PDRN)",MEDIHEAL 胶原蛋白胶囊贴片 60+60 片 双特 3 种（视黄醇、维生素 C、PDRN）,machine_draft
A000000245794,폴라초이스,宝拉珍选 Paula's Choice,[화잘먹/단독기획] 폴라초이스 바하 리퀴드 엑스폴리언트 118ml 기획 (+바하 리퀴드 30ml),宝拉珍选 Paula's Choice Baja 液体去角质剂 118ml 套装 (+Baja 液体 30ml),machine_draft
A000000233171,비디비치,VIDIVICI,[7일특가/신상 파운데이션 증정] 비디비치 블랙 퍼펙션 커버 핏 쿠션,VIDIVICI 黑色 Perfection Cover Fit 靠垫,machine_draft
A000000248072,비비랩,BB LAB,[산리오콜라보/9월올영픽] 비비랩 화이트 콜라겐 헬로키티 기획/석류콜라겐 마이멜로디 기획 (+마켓백 증정),BB LAB 白胶原蛋白Hello Kitty套装/石榴胶原蛋白My Melody套装（+免费市场袋）,machine_draft
A000000254926,티르티르,TIRTIR,[9월올영픽/서옥공동개발] 티르티르 마스크 핏 레드 쿠션 파운데이션 18g 20 colors (AD),TIRTIR Mask Fit 红色气垫粉底 18g 20 色 (AD),machine_draft
A000000232672,메디힐,MEDIHEAL,[미니어처 단독기획/양현종 PICK] 메디힐 마데카소사이드 수분 선세럼 흔적 리페어 50+50+15g 기획,MEDIHEAL 羟基积雪草苷保湿防晒精华微量修复50+50+15g套装,machine_draft
A000000201277,바이오가,BIOGA,[대용량] 바이오가 바이오틴 손상모발개선 탈모완화 샴푸 돌콩배아 1000ml,BIOGA 生物素受损发质改善脱发缓解洗发水石豆胚1000ml,machine_draft
A000000177984,헤라,HERA,[9월 올영픽] 헤라 센슈얼 누드 글로스 5g 13 Colors 기획/단품,HERA 感性裸色光泽 5g 13 色 套装/单品,machine_draft
A000000263036,아비브,Abib,[9월 올영픽/산리오] 아비브 어성초 테카 캡슐 세럼 카밍 드롭 50ml 더블 기획(+스팟패치+케이스),Abib 鱼腥草Teca胶囊精华液镇静滴剂50ml双特装（+现货贴片+盒）,machine_draft
A000000239102,메디힐,MEDIHEAL,[8+1매 단독기획] 메디힐 하이퍼 겔마스크 4종 (콜라겐/PDRN/마데카소사이드/히알루론산),MEDIHEAL 4种超级凝胶面膜（胶原蛋白/PDRN/羟基积雪草苷/透明质酸）,machine_draft
A000000263070,바이오더마,贝德玛 BIODERMA,[9월올영픽] 바이오더마 시카비오 크림+ 100ml 더블 기획,贝德玛 BIODERMA Cicabio 霜 + 100ml 双特,machine_draft
A000000226201,아누아,Anua,[단독기획] 아누아 TXA 나이아신 흔적 세럼 30ml 2입,Anua TXA 烟酸微量精华液 30ml 2 包,machine_draft
A000000263073,바이오더마,贝德玛 BIODERMA,[9월올영픽/설윤PICK] 바이오더마 하이드라비오 에센스 로션 200ml 기획 (+펌프용기+파우치) (2609),贝德玛 BIODERMA Hydrabio 精华乳液 200ml 套装（+泵容器+袋） (2609),machine_draft
A000000255752,닥터지,Dr.G,[수분진정/세럼증정] 닥터지 레드블레미쉬 클리어 수딩크림 EX 70ml기획 (+30ml+세럼10ml*2ea),Dr.G 红斑清透舒缓霜 EX 70ml 特别版 (+30ml+精华液 10ml*2ea),machine_draft
A000000150361,홀리카홀리카,Holika Holika,[9월올영픽/NEW컬러] 홀리카홀리카 마이페이브 무드 아이 팔레트,Holika Holika 我最喜欢的心情眼影盘,machine_draft
A000000247773,아누아,Anua,[수지 PICK/한정기획] 아누아 피디알엔 히알루론산 수분 캡슐 미스트 100ml 2입 기획,Anua PDRN 玻尿酸保湿胶囊喷雾 100ml 2 包套装,machine_draft
A000000240462,셀리맥스,celimax,[잡티미백/TXA] 셀리맥스 트라넥삼산 브라이트닝 크림 랩핑 마스크 5매 기획 (+1매),celimax 传明酸亮白霜包裹面膜5片套装（+1片）,machine_draft
A000000263542,피지오겔,Physiogel,[9월올영픽/잠티PICK] 피지오겔 데일리뮨 앰플 20ml+20ml 기획(+마스크1매),Physiogel Dailymune 安瓶20ml+20ml套装（+1片面膜）,machine_draft
A000000263530,피지오겔,Physiogel,[9월 올영픽] 피지오겔 DMT 페이셜 크림 대용량 200ml 기획(+토너50ml+마스크1매),Physiogel DMT面霜大容量200ml套装（+50ml爽肤水+1张面膜）,machine_draft
A000000261842,바이오던스,Biodance,[7매 단독 기획] 바이오던스 리얼 딥 마스크 7매 기획 (콜라겐/세라놀) (+토너패드 10매 증정),Biodance 真正深层面膜 7 片套装（胶原蛋白/塞诺尔）（+ 提供 10 个爽肤水垫）,machine_draft
A000000246445,퓌,fwee,[앵콜요청템/버터립밤증정] 퓌 3D 볼류밍 글로스 5.3g 단품/기획,fwee 3D 丰盈光泽 5.3g 单品/套装,machine_draft
A000000182630,넘버즈인,numbuzin,[대용량140매] 넘버즈인 토너패드 리필기획 중 택 1 (1번/3번/5번),numbuzin 从墨粉垫补充套装中任选1款 个（1 号/3 号/5 号）,machine_draft
A000000262530,메이크프렘,make p:rem,[9월올영픽/산리오콜라보] 메이크프렘 세이프 미 클렌징밀크 200ml기획 (+리필 200ml+미니21ml+손목세안밴드),make p:rem Safe Me 洁面乳 200ml 套装 (+补充装 200ml+迷你 21ml+腕带),machine_draft
A000000207225,넘버즈인,numbuzin,[트러블진정세럼] 넘버즈인 1번 판토텐산 액티브업 수딩세럼 50ml 리필기획 (50ml+50ml),numbuzin No. 1 泛酸活力舒缓精华液 50ml 补充套装 (50ml+50ml),machine_draft
A000000262436,메디힐,MEDIHEAL,[산리오캐릭터즈 에디션] 메디힐 마데카소사이드 더마 세럼 50+50mL(+폼폼푸린 스마트톡),MEDIHEAL 羟基积雪草苷真皮精华液 50+50mL (+Pompompurin Smart Talk),machine_draft
A000000205908,VDL,VDL,VDL 톤 스테인 컬러 코렉팅 프라이머 30ml,VDL 色调染色底漆 30ml,machine_draft
A000000244834,페리페라,peripera,[곡물라떼 컬러 NEW] 페리페라 무드 글로이 틴트 32 Colors,peripera 心情发光色调 32 色,machine_draft
A000000262817,이니스프리,悦诗风吟 innisfree,[저자극레티놀앰플] 이니스프리 레티놀 시카 모공 흔적 앰플 30ml 더블 기획,悦诗风吟 innisfree 视黄醇积雪草毛孔微量安瓶 30ml 双份套装,machine_draft
A000000259555,달바,d'Alba,[26년 신형/보습광채] 달바 퍼스트 스프레이 세럼 펩타이드 100ml 더블기획,d'Alba 第一喷雾精华肽 100ml 双特,machine_draft
A000000212749,프레시안,FRESHIAN,[1등품절템/웜쿨대통합] 프레시안 에그라이크 크림 블러쉬 (단독 기획),FRESHIAN 蛋状腮红霜（独家套装）,machine_draft
A000000147779,딜라이트 프로젝트,Delight Project,딜라이트 프로젝트 베이글칩 택1,Delight Project 任选1款 个百吉饼片,machine_draft
A000000225217,더마팩토리,DERMA FACTORY,더마팩토리 나이아신아마이드 20% 세럼 30ml,DERMA FACTORY 烟酰胺 20% 精华液 30ml,machine_draft
A000000247776,이즈앤트리,Isntree,"[NCT 재민PICK] 이즈앤트리 어니언 뉴페어 겔크림 플러스 50ml 기획 (+겔크림 플러스 20ml, 패드 2매)","Isntree Onion New Fair Gel Cream Plus 50ml 套装 (+Gel Cream Plus 20ml, 2 垫)",machine_draft
A000000110505,이지덤뷰티,EasyDerm Beauty,[10년 연속 약국 1등] 대웅제약 이지덤 스팟패치 택1 (퀵카밍/뷰티/PDRN 주름/릴리프/모공) 트러블패치,EasyDerm Beauty 大熊制药 Easyderm 斑点贴片任选1款（快速镇静/美容/PDRN 皱纹/缓解/毛孔）问题贴片,machine_draft
A000000261788,풀리,Fully,[저자극/피지지우개] 풀리 멜팅크림 투오일 50ml 단품/기획 2종 택1,Fully 融霜二油50ml 单品/套装2款选1,machine_draft
A000000222698,아누아,Anua,[수지세럼] 아누아 피디알엔 히알루론산 캡슐 100 세럼 30mL 기획 (+30mL 리필팩),Anua PDRN玻尿酸胶囊100粒精华液30mL套装（+30mL补充装）,machine_draft
A000000137964,릴리바이레드,lilybyred,[산리오 캐릭터즈/마이멜로디 파우치] 릴리바이레드 러브빔 치크밤 20종,lilybyred 爱情光束面颊膏 (20 种),machine_draft
A000000237596,좋은느낌,Good Feel,[1+1][9월올영픽] 좋은느낌 센서티브스킨 생리대 6종 택1 (중형/대형/특대형/라이너 롱/입는 오버나이트),Good Feel 敏感肌肤卫生巾 6款可选之一（中号/大号/特大号/内衬长/过夜佩戴）,machine_draft
A000000217765,일리윤,ILLIYOON,일리윤 세라마이드 아토 로션 (600ml/600ml기획),ILLIYOON 神经酰胺Ato乳液（600ml/600ml套装）,machine_draft
A000000261065,셀리맥스,celimax,셀리맥스 더 비타 A 레티날 샷 타이트닝 듀얼 크림 50ml,celimax The Vita A 视网膜紧致双重霜 50ml,machine_draft
A000000253617,마녀공장,魔女工厂 ma:nyo,[최미나수PICK/블랙헤드1등] 마녀공장 퓨어 소이빈 클렌징오일 200ml 2입 기획,魔女工厂 ma:nyo 纯大豆卸妆油200ml 2包套装,machine_draft
A000000185308,이즈앤트리,Isntree,[NCT 재민PICK/단독기획] 이즈앤트리 참마 비건 밀크 클렌저 220ml 리필기획 (+리필100ml),Isntree 山药纯素洁面乳 220ml 补充套装 (+补充 100ml),machine_draft
A000000214675,디어클레어스,"dear, Klairs",[EGF최대함량/1등진정앰플] 클레어스 블루 유스 액티베이팅 드롭 50ml,"dear, Klairs Klairs Blue 青春活力滴剂 50 毫升",machine_draft
A000000259872,에이프릴스킨,APRILSKIN,[NEW][리뉴얼/철벽커버] 에이프릴스킨 히어로쿠션 2.0 (본품+리필+퍼프2개),APRILSKIN 英雄气垫2.0（主品+补充装+2个粉扑）,machine_draft
A000000185903,VDL,VDL,[화잘먹프렙증정/단독기획] VDL 커버 스테인 퍼펙팅 쿠션 기획 (본품+리필),VDL Cover Stain Perfecting 气垫套装（主品+补充装）,machine_draft
A000000255682,메디큐브,medicube,[1등모공패드/대용량160매] 메디큐브 패드 3종 1+1 140매 리필 기획 (제로모공패드/PDRN겔패드/딥비타씨패드),medicube 3种护垫，1+1 140片补充套装（零毛孔护垫/PDRN凝胶护垫/Deep Vita C护垫）,machine_draft
A000000263555,구달,goodal,[9월 올영픽/산리오 콜라보] 구달 맑은 어성초 진정 수분 선크림 50+50ml 기획 (+시나모롤 카드스티커),goodal 清透鱼腥草舒缓保湿防晒霜50+50ml套装（+肉桂卡贴）,machine_draft
A000000231589,제로이드,ZEROID,[대용량] 제로이드 수딩 크림 80ml + 50ml 기획,ZEROID 舒缓霜80ml+50ml套装,machine_draft
A000000263034,아비브,Abib,[9월 올영픽/산리오] 아비브 약산성 pH 시트 마스크 핏 5매 기획 (+1매+띠부띠부실)(어성초/부활초),Abib 微酸性pH片状面膜适合5片专用（+1片+厚厚的buttibulsil）（鱼腥草/复活植物）,machine_draft
A000000262944,한율,HANYUL,[트러블*종결] 한율 팩폼 120mL 기획 2종 중 택 1 (+15mL+한교동 모공브러시&케이스),HANYUL 120mL专用产品2包选1（+15mL+行行洞毛孔刷及收纳盒）,machine_draft
A000000186409,블랑네이처,Blanc Nature,[여드름 기능성] 블랑네이처 아크네 클렌징 폼 단품/기획,Blanc Nature 痤疮洁面泡沫 个人/特殊,machine_draft
A000000262603,아누아,Anua,[9월 올영픽/산리오캐릭터즈 콜라보] 아누아 피디알엔 히알루론산 100 수분 크림 60ml 더블기획(+시나모롤 집게핀),Anua PDRN 玻尿酸 100 保湿霜 60ml 双份套装 (+Cinnamoroll Pin),machine_draft
B000000268753,PLAVE,PLAVE,PLAVE(플레이브) 5th Mini Album [HYPERDRIVE] Towel Ver. 5종 1세트,PLAVE (Flave) 第五张迷你专辑 [HYPERDRIVE] 毛巾 Ver. 1套5种,machine_draft
A000000198780,리터니티,Returnity,[인씨PICK/원조율무팩] 리터니티 율무 요철모공 팩 120g 기획세트,Returnity Coix 薏苡仁不均匀毛孔面膜 120g 套装套装,machine_draft
A000000224494,셀라딕스,CELLADIX,[세은 PICK/트러블1등] 셀라딕스 트러블 세범 리밸런싱 131 앰플 30ml,CELLADIX Trouble 皮脂平衡 131 安瓿 30ml,machine_draft
A000000263069,제로이드,ZEROID,[9월 올영픽][누렁이 콜라보] 제로이드 인텐시브 로션 300ml 기획 (+액막이 키링),ZEROID 密集乳液300ml专用（+护身符钥匙圈）,machine_draft
A000000199701,바이오힐보,BIOHEAL BOH,[카디비PICK|탄력보습] 바이오힐보 프로바이오덤 3D리프팅 크림 50ml [단품/기획],BIOHEAL BOH Probioderm 3D 提拉霜 50ml [单品/套装],machine_draft
A000000232304,파티온,FATION,[9월올영픽] 파티온 노스카나인 트러블 크림 75ml 기획(+5ml),FATION Noscanine烦恼霜75ml套装（+5ml）,machine_draft
A000000263007,유세린,优色林 Eucerin,[9월 올영픽] 유세린 하이알루론 3X 아이크림 15ml 기획 (+진정장벽 마스크팩 1매+광채 세럼 7ml),优色林 Eucerin Hyaluron 3X 眼霜 15ml 特别版（+1 个舒缓屏障面膜+7ml 亮采精华液）,machine_draft
A000000264460,에스트라,AESTURA,에스트라 아토베리어365 로션 150ml 기획(+토너25ml+클렌징폼3g*3EA),AESTURA Ato Barrier 365乳液150ml套装（+爽肤水25ml+洁面泡沫3g*3EA）,machine_draft
A000000263071,바이오더마,贝德玛 BIODERMA,[9월올영픽] 바이오더마 시카비오 포마드 100ml 기획(+포마드 5ml+크림 5ml+크림 SPF50 5ml),贝德玛 BIODERMA Cicabio 润发油 100ml 套装 (+润发油 5ml+面霜 5ml+面霜 SPF50 5ml),machine_draft
A000000250773,넘버즈인,numbuzin,[1등모공결세럼] 넘버즈인 3번 보들보들 모공결 세럼 30ml 더블 기획,numbuzin No. 3 柔软毛孔紧致精华液 30ml 双特,machine_draft
A000000189181,브링그린,BRING GREEN,[수부지토너]브링그린 티트리 시카 수딩 토너 (500ml/250ml),BRING GREEN 茶树积雪舒缓爽肤水 (500ml/250ml),machine_draft
A000000198320,에스트라,AESTURA,[올영 어워즈 1등 크림] 에스트라 아토베리어365 크림 80ml,AESTURA Atobarrier 365 霜 80ml,machine_draft
A000000253592,셀리맥스,celimax,"[흔적,기미,미백/TXA] 셀리맥스 트라넥삼산 잡티 크림 35ml 기획 (+14ml)",celimax 传明酸祛斑霜35ml套装（+14ml）,machine_draft
A000000265275,바이오힐보,BIOHEAL BOH,[NEW] 바이오힐보 프로바이오덤 3D 리프팅 크림 인 버블 세럼 110ml,BIOHEAL BOH Probioderm 3D 泡泡精华提升霜 110ml,machine_draft
A000000223625,디오디너리,The Ordinary,[각질쓱싹/대용량] 디오디너리 글리코릭 애시드 7% 엑스폴리에이팅 토너 240ml,The Ordinary 乙醇酸 7% 去角质爽肤水 240ml,machine_draft
A000000264302,메디큐브,medicube,[청담샵화잘먹미스트] 메디큐브 PDRN 핑크 콜라겐 글로우 젤리 미스트 100ml 더블기획 (+화잘먹 대왕 퍼프),medicube PDRN 粉色胶原蛋白发光果冻喷雾 100ml 双份套装 (+Hwajamuk King Puff),machine_draft
A000000268162,아이오페,IOPE,아이오페 레티놀 슈퍼바운스 세럼 기획 20ml (+10ml),IOPE 视黄醇超级弹跳精华特制 20ml（+10ml）,machine_draft
A000000254661,아렌시아,Arencia,[30ml+30ml / 강력토닝케어] 아렌시아 비타민 C 부스터 샷 30ml 더블기획,Arencia 维生素 C 加强注射 30ml 双份套装,machine_draft
A000000245087,닥터엘시아,Dr.Althea,[장원영PICK] 닥터엘시아 345 릴리프 크림 50ml 기획 (+10ml*2ea+튜브링거),Dr.Althea 345舒缓霜50ml套装（+10ml*2ea+管环）,machine_draft
A000000263717,토리든,Torriden,[9월 올영픽]토리든 다이브인 저분자 히알루론산 토너 500ml 기획 (+늘어나는 화장솜+스티커),Torriden Divein低分子玻尿酸爽肤水500ml专用（+伸缩棉垫+贴纸）,machine_draft
A000000263939,온그리디언츠,ongredients,[9월 올영픽/산리오캐릭터즈] 온그리디언츠 스킨 베리어 카밍 로션 이엑스 220ml 기획 (+30ml+헬로키티 스퀴시),ongredients 皮肤屏障镇静乳液 EX 220ml 套装 (+30ml+Hello Kitty Squishy),machine_draft
A000000263017,라로슈포제,理肤泉 La Roche-Posay,[한정수량] 라로슈포제 시카플라스트 밤 B5+ 200ml기획 (+1.5ml+시카토너50ml+히알루세럼1.5ml),理肤泉 La Roche-Posay Cicaplast Balm B5+ 200ml套装（+1.5ml+Cica Toner 50ml+Hyalu Serum 1.5ml）,machine_draft
A000000258834,에스트라,AESTURA,에스트라 아토베리어365 하이드로 수딩크림 80ml 기획 (+수딩크림 10ml+클렌징폼 30g),AESTURA Ato Barrier 365 水润舒缓霜 80ml 套装 (+10ml 舒缓霜+30g 洁面泡沫),machine_draft
A000000248498,아누아,Anua,[단독기획] 아누아 어성초 77 히알루론산 수분 진정 토너 350ml 리필 기획세트 (+350ml 리필팩),Anua 鱼腥草77玻尿酸保湿舒缓爽肤水350ml补充装特别套装（+350ml补充包）,machine_draft
A000000213267,스킨앤랩,SKIN&LAB,[올영단독/속보습케어] 스킨앤랩 베리어덤 링거 앰플70ml(+70ml) 더블기획,SKIN&LAB Variaderm 林格安瓿 70ml (+70ml) 双特级,machine_draft
A000000263681,토리든,Torriden,[9월 올영픽] 토리든 다이브인 저분자 히알루론산 수딩 크림 100ml 더블 기획 (+메쉬백) (시나모롤),Torriden Divein 低分子玻尿酸舒缓霜 100ml 双特装（+网袋）（Cinnamoroll）,machine_draft
A000000263562,구달,goodal,[9월 올영픽/산리오 콜라보] 구달 청귤 비타C 잡티케어 세럼 알파 50+50ml 리필 기획(+폼폼푸린 마그넷 피규어),goodal Green Tangerine Vita C Blemish Care Serum Alpha 50+50ml 补充装（+Pompompurin 磁铁图）,machine_draft
A000000265060,메노킨,Menokin,[박보영PICK/화잘먹미스트] 메노킨 30초 퀵 글로우 버블 캡슐 미스트 하이드라 리프트 98ml 기획 (+30ml),Menokin 30秒快速发光气泡胶囊雾水保湿提升98ml套装（+30ml）,machine_draft
A000000265815,메디큐브,medicube,[여배우 물광크림] 메디큐브 PDRN 핑크 콜라겐 캡슐크림 55g 기획 (+4.5g*2ea+앰플 마스크 1ea),medicube PDRN 粉色胶原蛋白胶囊霜 55g 套装 (+4.5g*2ea+安瓶面膜 1ea),machine_draft
A000000262934,한율,HANYUL,[1+1][손거울 증정] 한율 쑥히알 세럼 40ml 리필 기획 (+40ml 리필+산리오 헬로키티 손거울(랜덤)),HANYUL 艾蒿精华素40ml补充装套装（+40ml补充装+三丽鸥Hello Kitty手镜（随机））,machine_draft
A000000228228,아이디얼포맨,IDEAL FOR MEN,[짱구한정기획] 아이디얼포맨 퍼펙트 올인원 150ml 단품/기획,IDEAL FOR MEN 完美多合一 150ml 单品/套装,machine_draft
A000000216520,리쥬란,REJURAN,[오리지널 c-PDRN/한정기획]리쥬란 힐러 턴오버 앰플 듀얼 이펙트 10ml 더블 기획,REJURAN Healer Turnover 安瓶双效 10ml 双重套装,machine_draft
A000000189837,넘버즈인,numbuzin,[흔적미백] 넘버즈인 5번 글루타치온C 흔적 앰플 30ml+30ml 듀오기획,numbuzin No. 5 谷胱甘肽 C 微量安瓶 30ml+30ml 二重套装,machine_draft
A000000260515,VT,VT,[베일리pick/단독기획] VT 피디알엔 리들샷 아이 리프터 15ml 리필기획 (+리필 15ml),VT PDRN Riddle Shot 眼部提拉液 15ml 补充装套装（+补充装 15ml）,machine_draft
A000000263028,디마프,D-MAF,[화잘먹/속건조 수분충전] 디마프 히어로 마이 퍼스트 버블세럼 155ml 기획 (+50ml 구성),D-MAF Hero My First 泡沫精华液 155ml 套装（+50ml 成分）,machine_draft
A000000263008,유세린,优色林 Eucerin,[9월 올영픽] 유세린 하이알루론 3X 나이트크림 50ml 기획 (+진정장벽 마스크팩 1매+팩 브러쉬),优色林 Eucerin Hyaluron 3X 晚霜 50ml 套装（+ 1 个舒缓屏障面膜包 + 包刷）,machine_draft
A000000237901,메디큐브 에이지알,medicube AGE-R,[추석기프트][스킨부스팅] 메디큐브 에이지알 미니플러스 한교동/짱구/핑크/베이지 택 1 [기획/단품],medicube AGE-R Mini Plus Hangyo-dong/Crayon 蜡笔/粉色/米色选1 [特殊/单品],machine_draft
A000000253729,유세린,优色林 Eucerin,[9/27 하루특가/글로벌 대란템] 유세린 티아미돌 부스터 세럼 30ml,优色林 Eucerin 硫胺醇增强精华 30ml,machine_draft
A000000262607,아누아,Anua,[9월 올영픽/산리오캐릭터 콜라보] 아누아 피디알엔 히알루론산 캡슐 미스트 30ml 기획 (+케이스+시나모롤 스티커),Anua PDRN玻尿酸胶囊喷雾30ml套装（+盒+Cinnamoroll贴纸）,machine_draft
A000000251062,닥터엘시아,Dr.Althea,닥터엘시아 345 릴리프 크림 미스트 100ml 기획 (+60ml),Dr.Althea 345舒缓霜喷雾100ml套装（+60ml）,machine_draft
A000000249580,제로이드,ZEROID,[트러블 피부 추천/약산성 장벽 케어] 제로이드 핌프로브 레드 컨트롤 크림 pH4 80ml,ZEROID Pimprobe Red 控油霜 pH4 80ml,machine_draft
A000000233322,닥터지,Dr.G,[1+1/광채탄력] 닥터지 블랙스네일 크림 50ml 1+1 기획 +(15ml 추가 증정),Dr.G 黑蜗牛霜50ml 1+1套装+（15ml额外免费）,machine_draft
A000000263055,바이오더마,贝德玛 BIODERMA,[9월올영픽/설윤PICK] 바이오더마 하이드라비오 토너 500ml 2입 기획 (2609),贝德玛 BIODERMA Hydrabio 爽肤水 500ml 2 件装套装 (2609),machine_draft
A000000264146,에스네이처,S.NATURE,[산리오 하루특가/리뷰이벤트/헬로키티] 에스네이처 아쿠아 스쿠알란 세럼 50ml 리필기획(+리필50ml+헬로키티파우치),S.NATURE 水角鲨烷精华液 50ml 补充套装（+补充装 50ml+Hello Kitty 袋）,machine_draft
A000000263075,바이오더마,贝德玛 BIODERMA,[9월올영픽/설윤PICK] 바이오더마 아토덤 페이셜 로션 150ml 기획 (+파우치),贝德玛 BIODERMA Atoderm 面部乳液 150ml 套装（+袋）,machine_draft
A000000159921,라로슈포제,理肤泉 La Roche-Posay,[9월 올영픽/시카장벽토너] 라로슈포제 시카플라스트 로션 B5 판테놀 시카에센스 토너 200ml,理肤泉 La Roche-Posay Cicaplast 乳液 B5 泛醇 Cica 精华爽肤水 200ml,machine_draft
A000000263179,라운드랩,ROUND LAB,[최초구성/수부지장벽케어] 라운드랩 자작나무 수분 크림 80ml 더블 기획 (+자작 드롭 세럼 20ml),ROUND LAB 桦木保湿霜 80ml 双特装（+ 桦木滴精华液 20ml）,machine_draft
A000000231293,프리메라,primera,[탄력광채세럼] 프리메라 비타티놀 바운시 리프트 세럼 25g 기획/단품,primera 维他命弹力提升精华液 25g 套装/单品,machine_draft
A000000262619,아누아,Anua,[9월 올영픽/산리오캐릭터즈 콜라보] 아누아 어성초 77 B3 징크 트러블 세럼 30ml 리필 기획 (+포차코 파우치),Anua Houttuynia Cordata 77 B3 锌烦恼精华液 30ml 补充装（+Pochaco 袋）,machine_draft
A000000188065,디오디너리,The Ordinary,[단독/대용량] 디오디너리 나이아신아마이드 10% + 징크 1% 120ml,The Ordinary 烟酰胺 10% + 锌 1% 120ml,machine_draft
A000000161508,라운드랩,ROUND LAB,[대용량] 라운드랩 1025 독도 로션 400ml,ROUND LAB 1025独岛乳液400ml,machine_draft
A000000204949,센텔리안24,Centellian24,[진정흔적] 센텔리안24 마데카 크림 타임 리버스 50ml 더블 기획(+15ml*2),Centellian24 Madeca 奶油时光逆转 50ml 双特装 (+15ml*2),machine_draft
A000000226553,브링그린,BRING GREEN,[아이돌추천템/수부지크림] 브링그린 티트리 시카 수딩 크림 플러스 100ml (2입/단품),BRING GREEN 茶树积雪草舒缓霜 100ml (2包/单品),machine_draft
A000000252031,동국제약,东国制药,[하루특가/손상장벽MD] 동국제약 마데카셀 베리어 엠디 크림 70g (의료기기),东国制药 Madecacell Barrier MD 霜 70g（医疗器械）,machine_draft
A000000237449,아누아,Anua,[수지 PICK] 아누아 피디알엔 히알루론산 수분 캡슐 미스트 100ml,Anua PDRN 玻尿酸保湿胶囊喷雾 100ml,machine_draft
A000000203971,셀리맥스,celimax,[속보습/속광/진정] 셀리맥스 더 리얼 노니 에너지 앰플 80ml 기획(+10ml),celimax The Real Noni 能量安瓶 80ml 特别版 (+10ml),machine_draft
A000000232213,VT,VT,[애니pick/물먹광채] VT 피디알엔 에센스 100 30ml 더블 기획 (+리들샷 100 10ml),VT PDRN 精华液 100 30ml 双份套装 (+Liddle Shot 100 10ml),machine_draft
A000000264123,메노킨,Menokin,[박보영PICK/화잘먹미스트] 메노킨 30초 퀵 글로우 버블 캡슐 미스트 카밍 모이스처 98ml 기획 (+30ml),Menokin 30秒快速发光气泡胶囊喷雾镇静保湿98ml套装（+30ml）,machine_draft
A000000264389,바이오던스,Biodance,[리센느 원이PICK/1+1기획] 바이오던스 포어 퍼펙팅 콜라겐 펩타이드 세럼 30ml 리필 기획,Biodance 毛孔完美胶原蛋白肽精华液 30ml 补充套装,machine_draft
A000000231779,라로슈포제,理肤泉 La Roche-Posay,[9월 올영픽/본품 50%용량 증정] 라로슈포제 시카플라스트 리페어 에센스 30ml 기획 (+7.5ml*2ea),理肤泉 La Roche-Posay Cicaplast 修护精华液 30ml 套装 (+7.5ml*2ea),machine_draft
A000000222837,에스트라,AESTURA,에스트라 아토베리어365 하이드로에센스 200ml (+크림 10ml+앰플 10ml),AESTURA Atobarrier 365 水润精华 200ml (+ 面霜 10ml + 安瓶 10ml),machine_draft
A000000263538,피지오겔,Physiogel,[9월올영픽/72시간수분] 피지오겔 DMT 페이셜 로션 200ml 기획(+크림10ml+데일리뮨앰플4ml),Physiogel DMT面部乳液200ml套装（+10ml面霜+4ml日用安瓶）,machine_draft
A000000209904,제로이드,ZEROID,제로이드 수딩 로션 160ml,ZEROID 舒缓乳液 160ml,machine_draft
A000000004434,바이오더마,贝德玛 BIODERMA,바이오더마 하이드라비오 토너 250ml,贝德玛 BIODERMA 水润爽肤水 250ml,machine_draft
A000000255701,디어클레어스,"dear, Klairs",[코난 콜라보/진정1등] 클레어스 블루 유스 액티베이팅 드롭 50ml 한정기획 (+명탐정 코난 키링 랜덤 증정),"dear, Klairs Klairs Blue 青春活力滴剂 50ml 限量版（+随机名侦探柯南钥匙圈赠品）",machine_draft
A000000137180,라운드랩,ROUND LAB,[대용량/1등토너] 라운드랩 1025 독도 토너 500ml 기획 (+100ml),ROUND LAB 1025独岛爽肤水500ml套装（+100ml）,machine_draft
A000000255256,라카,Laka,[NEW/이시안공동개발] 라카 퍼펙트 트윈 립 4.7g+4.2g 12 colors,Laka 完美双唇 4.7g+4.2g 12色,machine_draft
A000000175954,네이밍,NAMING.,[수부지쿠션] 네이밍 레이어드 핏 쿠션 기획(본품+리필),NAMING. 分层贴合气垫方案（主品+替换装）,machine_draft
A000000138671,페리페라,peripera,페리페라 스피디 스키니 브로우 8 Colors,peripera 快速纤细眉 8 色,machine_draft
A000000254393,에이프릴스킨,APRILSKIN,[컨실러커버/아이돌윤광] 에이프릴스킨 매직스노우쿠션4.0 (본품+리필),APRILSKIN 魔法雪垫4.0（主品+补充装）,machine_draft
A000000171371,네이밍,NAMING.,[1등 블러셔/모공블러] 네이밍 플러피 파우더 블러쉬 20colors,NAMING. 蓬松粉状腮红 20色,machine_draft
A000000263862,오프라 코스메틱,OFRA Cosmetics,[패키지리뉴얼/톤별맞춤] 오프라 슬림 미니 하이라이터 (+기획/본품),OFRA Cosmetics Oprah Slim 迷你荧光笔（+套装/主要产品）,machine_draft
A000000012239,루나,LUNA,[24시간커버지속/올리브영 6년연속 1등] 루나 롱래스팅 팁 컨실러 EX 20colors,LUNA 持久尖端遮瑕膏 EX 20 色,machine_draft
A000000211936,어바웃톤,ABOUT TONE,[착붙밀착파데] 어바웃톤 스킨 레이어 핏 파운데이션 30ml 8종 (기획/단품),ABOUT TONE 肌肤层贴合粉底 30ml 8 种（套装/单品）,machine_draft
A000000203943,에뛰드,ETUDE,[1등 컬링] 에뛰드 컬 픽스 마스카라 단품/증정기획/1+1기획,ETUDE 卷翘睫毛膏单品/礼品方案/1+1方案,machine_draft
A000000238601,어바웃톤,ABOUT TONE,[모공블러팩트] 어바웃톤 블러 파우더 팩트 9g 7COLOR,ABOUT TONE 模糊粉饼 9 克 7 色,machine_draft
A000000253093,바닐라코,BANILA CO,[1등 파우더] 바닐라코 프라임 프라이머 피니쉬 파우더 12g,BANILA CO 底漆粉 12g,machine_draft
A000000140618,코스노리,COSNORI,[1등속눈썹영양제] 코스노리 아이래쉬 세럼 속눈썹영양제 9g (클리어/블랙),COSNORI 睫毛精华液睫毛营养液 9g（透明/黑色）,machine_draft
A000000199182,투쿨포스쿨,too cool for school,[눈매확장 필수템] 투쿨포스쿨 스머징 트임 라이너 13 Colors,too cool for school 涂抹开眼线 13 色,machine_draft
A000000253122,퓌,fwee,[단독기획] 퓌 올데이 커버 블랙 쿠션 리필 기획,fwee 全天套黑色气垫补充套装,machine_draft
A000000197341,3CE,3CE,[미니립스틱증정기획] 3CE 샤인 리플렉터 1.7g 기획/단품,3CE Shine Reflector 1.7g 套装/单品,machine_draft
A000000184299,VDL,VDL,[인생템/모공블러치크] VDL 치크스테인 블러셔/블러셔 듀오 6g,VDL 腮红/腮红两件套 6 克,machine_draft
A000000167236,페리페라,peripera,페리페라 스피디 스키니 브로우 마스카라 10 Colors (단품/더블),peripera 快速纤细眉毛睫毛膏 10 色（单/双）,machine_draft
A000000268380,클리오,CLIO,[NEW/OY 단독컬러] 클리오 킬 커버 파운웨어 쿠션 단품/기획(+리필+프레쉬 프렙 베이스 증정),CLIO Kill Cover Founwear 坐垫单品/套装（+补充装+免费新鲜准备底座）,machine_draft
A000000266965,쏘내추럴,So Natural,[NEW/단독런칭]쏘내추럴 파우더포룸 올 데이 피니시 픽스 프라이머 2종 (클리어/톤업),So Natural Powder Forum All Day Finish Fix Primer（2 款）（透明/提亮）,machine_draft
A000000165912,에스쁘아,espoir,[더브로우 통합/NO.1] 에스쁘아 더브로우 (밸런스 펜슬 / 컬러 픽싱 카라) 20colors,espoir The Brow (平衡笔/固色环) 20色,machine_draft
A000000147801,데이지크,dasique,[스틱섀도우&미니 마스카라 기획세트]데이지크 섀도우팔레트 25 colors (단품/기획),dasique 阴影调色板 25 种颜色（单个套装/套装）,machine_draft
A000000180569,바닐라코,BANILA CO,[NEW컬러] 바닐라코 스머징 립 펜슬 0.8g 12종,BANILA CO 晕染唇笔 0.8g 12 种,machine_draft
A000000263105,클리오,CLIO,[NEW/한솔실장 공동개발] 클리오 크리스탈 글램 밤 베어 단품/기획 (+립 베이스 스틱 증정),CLIO 水晶魅力香膏小熊单品/套装（+送唇基底棒）,machine_draft
A000000189033,클리오,CLIO,[단독기획] 클리오 벨벳 립 펜슬 단품/기획 (+미니 립펜슬 증정),CLIO 丝绒唇笔单品/套装（+赠送迷你唇笔）,machine_draft
A000000178635,VDL,VDL,[NEW올리브컬러/1등 파데] VDL 커버 스테인 퍼펙팅 파운데이션 30ml,VDL 遮瑕完美粉底 30ml,machine_draft
A000000227705,투슬래시포,TWO SLASH FOUR,[NEW/이사배브랜드] 투슬래시포 올 오버 페이스 블러쉬 (단품/기획),TWO SLASH FOUR 全脸腮红（单品/促销）,machine_draft
A000000174066,하트퍼센트,Heart Percent,[태산 PICK/NEW 기획] 하트퍼센트 도트 온 무드 립펜슬 0.8g 25종 (단품/기획),Heart Percent Dot On Mood 唇笔 0.8g 25 种（单品/专用）,machine_draft
A000000248345,클리오,CLIO,[NEW 소프트 핑크 룩] 클리오 뮤즈 마스터 팔레트 단품/기획 (+브로우 카라 증정),CLIO Muse Master Palette 单品/套装（+赠送眉领）,machine_draft
A000000197231,롬앤,rom&nd,[NEW산리오캐릭터즈 / 아일릿 원희픽] 롬앤 글래스팅 컬러 글로스 (쿠로미/한교동),rom&nd 光泽彩色光泽 (Kuromi/Hangyo-dong),machine_draft
A000000263050,에스쁘아,espoir,[단독기획/단종부활템] 에스쁘아 이지 웨어 아이 팔레트 3 colors 오트라떼/로즈라떼/베리라떼,espoir Easy Wear 眼影盘 3 色 燕麦拿铁/玫瑰拿铁/浆果拿铁,machine_draft
A000000251720,누니,NOONI,[1등립오일/올영단독] 누니 애플 립 오일 12종,NOONI 12种苹果唇油,machine_draft
A000000140263,페리페라,peripera,페리페라 맑게 물든 선샤인 치크 (젤리/파우더 2타입),peripera 透明、彩色阳光脸颊（果冻/粉饼 2 种）,machine_draft
A000000230581,컬러그램,colorgram,[한정기획/픽싱글로스 증정] 컬러그램 누디 블러 틴트 25COLOR(단품/기획),colorgram Nudie Blur Tint 25COLOR（单品/促销）,machine_draft
A000000148390,롬앤,rom&nd,[NEW산리오캐릭터즈] 롬앤 베러 댄 팔레트 (쿠로미/한교동),rom&nd 比调色板更好（Kuromi/Hangyo-dong）,machine_draft
A000000248529,투크,TOOC,투크 볼륨 글레이즈 시럽틴트 9 colors,TOOC 丰盈釉糖浆染色剂 9 色,machine_draft
A000000202780,헤라,HERA,헤라 블랙 쿠션 파운데이션 리필 15g,HERA 黑色气垫粉底补充装 15 克,machine_draft
